{"cameraMode":{"drawMode":0,"name":"Shaded","section":"Shading Mode"},"sceneLighting":true,"audioPlay":false,"sceneViewState":{"showFog":true,"showMaterialUpdate":false,"showSkybox":true,"showFlares":true,"showImageEffects":true,"showParticleSystems":true},"in2DMode":false,"pivot":{"x":-0.19357872009277345,"y":3.9383363723754885,"z":1.9974154233932496},"rotation":{"x":-0.16360673308372498,"y":0.6818432211875916,"z":-0.16059130430221559,"w":-0.6946461796760559},"size":10.0,"orthographic":false}